﻿{
  "name": "IncrementalCopyPipeline",
  "properties": {
    "activities": [
      {
        "name": "LookupOldWaterMarkActivity",
        "type": "Lookup",
        "typeProperties": {
          "source": {
            "type": "SqlSource",
            "sqlReaderQuery": "select * from watermarktable"
          },

          "dataset": {
            "referenceName": "WatermarkDataset",
            "type": "DatasetReference"
          }
        }
      },
      {
        "name": "LookupNewWaterMarkActivity",
        "type": "Lookup",
        "typeProperties": {
          "source": {
            "type": "SqlSource",
            "sqlReaderQuery": "select MAX(ModifiedDate) as NewWatermarkvalue from SalesLT.SalesOrderDetail"
          },

          "dataset": {
            "referenceName": "SourceDataset",
            "type": "DatasetReference"
          }
        }
      },

      {
        "name": "IncrementalCopyActivity",
        "type": "Copy",
        "typeProperties": {
          "source": {
            "type": "SqlSource",
            "sqlReaderQuery": "select * from SalesLT.SalesOrderDetail where ModifiedDate > '@{activity('LookupOldWaterMarkActivity').output.firstRow.WatermarkValue}' and ModifiedDate <= '@{activity('LookupNewWaterMarkActivity').output.firstRow.NewWatermarkvalue}'"
          },
          "sink": {
            "type": "SqlSink"
          }
        },
        "dependsOn": [
          {
            "activity": "LookupNewWaterMarkActivity",
            "dependencyConditions": [
              "Succeeded"
            ]
          },
          {
            "activity": "LookupOldWaterMarkActivity",
            "dependencyConditions": [
              "Succeeded"
            ]
          }
        ],

        "inputs": [
          {
            "referenceName": "SourceDataset",
            "type": "DatasetReference"
          }
        ],
        "outputs": [
          {
            "referenceName": "TargetDataset",
            "type": "DatasetReference"
          }
        ]
      },

      {
        "name": "StoredProceduretoWriteWatermarkActivity",
        "type": "SqlServerStoredProcedure",
        "typeProperties": {

          "storedProcedureName": "sp_write_watermark",
          "storedProcedureParameters": {
            "LastModifiedtime": {
              "value": "@{activity('LookupNewWaterMarkActivity').output.firstRow.NewWatermarkvalue}",
              "type": "datetime"
            },
            "TableName": {
              "value": "@{activity('LookupOldWaterMarkActivity').output.firstRow.TableName}",
              "type": "String"
            }
          }
        },

        "linkedServiceName": {
          "referenceName": "SQLLinkedService",
          "type": "LinkedServiceReference"
        },

        "dependsOn": [
          {
            "activity": "IncrementalCopyActivity",
            "dependencyConditions": [
              "Succeeded"
            ]
          }
        ]
      }
    ]

  }
}
